domain,title,source,disabled_by,version,entry_id_redacted
analytics,Analytics,system,,1,[redacted]
androidtv_remote,Living Room TV 4,ignore,,1,[redacted]
androidtv_remote,SWTV-23AE-4KR3,ignore,,1,[redacted]
backup,Backup,system,,1,[redacted]
cast,Google Cast,zeroconf,,1,[redacted]
cloud,Home Assistant Cloud,system,,1,[redacted]
go2rtc,go2rtc,system,,1,[redacted]
google_translate,Google Translate text-to-speech,onboarding,,1,[redacted]
hacs,,user,,1,[redacted]
hassio,Supervisor,system,,1,[redacted]
homeassistant_green,Home Assistant Green,system,,1,[redacted]
ipp,EPSON ET-4850 Series,ignore,,1,[redacted]
matter,Matter,zeroconf,,1,[redacted]
met,Home,onboarding,,1,[redacted]
mobile_app,Chris Cell,registration,,1,[redacted]
mobile_app,Luis Cell,registration,,1,[redacted]
mobile_app,Me Lewis Cell,registration,,1,[redacted]
radio_browser,Radio Browser,onboarding,,1,[redacted]
reolink,Driveway,dhcp,,1,[redacted]
reolink,Parking Lot,dhcp,,1,[redacted]
shopping_list,Shopping list,onboarding,,1,[redacted]
sun,Sun,import,,1,[redacted]
upnp,BE65Pro,ignore,,1,[redacted]
webostv,LG webOS TV QNED85AUA,ignore,,1,[redacted]
zha,,usb,,5,[redacted]
zwave_js,Z-Wave JS,user,,1,[redacted]
